ELECTION.TYPE ELECTION;LEL.NUM DEPOT;LEL.SIGLE;LEL.LIBELLE COURT;LEL.LIBELLE LONG;CND.CIVILITE;CND.NOM;CND.PRENOM;CND.NOM PSEUDO;CND.PRENOM PSEUDO
GC;1;EAG;ENSEMBLE À GAUCHE;ENSEMBLE À GAUCHE;Monsieur;PAGANI;Rémy;-;-
GC;1;EAG;ENSEMBLE À GAUCHE;ENSEMBLE À GAUCHE;Madame;WENGER;Saliha;-;Salika
GC;1;EAG;ENSEMBLE À GAUCHE;ENSEMBLE À GAUCHE;Monsieur;ZAUGG;Christian;-;-
GC;1;EAG;ENSEMBLE À GAUCHE;ENSEMBLE À GAUCHE;Madame;HALLER;Jocelyne;-;-
GC;1;EAG;ENSEMBLE À GAUCHE;ENSEMBLE À GAUCHE;Monsieur;ENILINE;Alexander;-;-
GC;1;EAG;ENSEMBLE À GAUCHE;ENSEMBLE À GAUCHE;Monsieur;CRUCHON;Pablo;-;-
GC;1;EAG;ENSEMBLE À GAUCHE;ENSEMBLE À GAUCHE;Madame;VALENTINO;Stéphanie;-;-
GC;1;EAG;ENSEMBLE À GAUCHE;ENSEMBLE À GAUCHE;Monsieur;BURGERMEISTER;Jean;-;-
GC;1;EAG;ENSEMBLE À GAUCHE;ENSEMBLE À GAUCHE;Madame;ECUYER;Hélène;-;-
GC;1;EAG;ENSEMBLE À GAUCHE;ENSEMBLE À GAUCHE;Monsieur;ISSOM;David-Zacharie;-;-
GC;1;EAG;ENSEMBLE À GAUCHE;ENSEMBLE À GAUCHE;Madame;OSSMANN;Sekna;-;-
GC;1;EAG;ENSEMBLE À GAUCHE;ENSEMBLE À GAUCHE;Madame;NYFFELER BATOU;Françoise;-;-
GC;1;EAG;ENSEMBLE À GAUCHE;ENSEMBLE À GAUCHE;Monsieur;JANUZI;Bashkim;-;-
GC;1;EAG;ENSEMBLE À GAUCHE;ENSEMBLE À GAUCHE;Monsieur;ECUYER;Sébastien;-;-
GC;1;EAG;ENSEMBLE À GAUCHE;ENSEMBLE À GAUCHE;Madame;OVETT BONDI;Davinia;-;-
GC;1;EAG;ENSEMBLE À GAUCHE;ENSEMBLE À GAUCHE;Monsieur;JIMENEZ;Jean-Daniel;-;-
GC;1;EAG;ENSEMBLE À GAUCHE;ENSEMBLE À GAUCHE;Monsieur;ECUYER;Annick;-;-
GC;1;EAG;ENSEMBLE À GAUCHE;ENSEMBLE À GAUCHE;Madame;PERADOTTO;Julie;-;-
GC;1;EAG;ENSEMBLE À GAUCHE;ENSEMBLE À GAUCHE;Monsieur;MANRÍQUEZ;Matías;-;-
GC;1;EAG;ENSEMBLE À GAUCHE;ENSEMBLE À GAUCHE;Monsieur;ZEHFUS;Yves;-;-
GC;1;EAG;ENSEMBLE À GAUCHE;ENSEMBLE À GAUCHE;Monsieur;ZAUGG;Daniel;-;-
GC;1;EAG;ENSEMBLE À GAUCHE;ENSEMBLE À GAUCHE;Madame;PEREZ;Maria;-;Lou
GC;1;EAG;ENSEMBLE À GAUCHE;ENSEMBLE À GAUCHE;Monsieur;SCHNEBLI;Tobias;-;Tobia
GC;1;EAG;ENSEMBLE À GAUCHE;ENSEMBLE À GAUCHE;Madame;MISSOH DZIKUNOO;Massan;-;-
GC;1;EAG;ENSEMBLE À GAUCHE;ENSEMBLE À GAUCHE;Madame;MARTENOT;Aude;-;-
GC;1;EAG;ENSEMBLE À GAUCHE;ENSEMBLE À GAUCHE;Monsieur;VANEK;Pierre;-;-
GC;1;EAG;ENSEMBLE À GAUCHE;ENSEMBLE À GAUCHE;Monsieur;CLEMENT;Patrice;-;-
GC;1;EAG;ENSEMBLE À GAUCHE;ENSEMBLE À GAUCHE;Madame;PREZIOSO BATOU;Stefania;-;-
GC;1;EAG;ENSEMBLE À GAUCHE;ENSEMBLE À GAUCHE;Madame;ESAKI KABEYA;Elisabeth;-;-
GC;1;EAG;ENSEMBLE À GAUCHE;ENSEMBLE À GAUCHE;Madame;LANGFORD;Pia;-;-
GC;1;EAG;ENSEMBLE À GAUCHE;ENSEMBLE À GAUCHE;Monsieur;VINCENT;Michel;-;-
GC;1;EAG;ENSEMBLE À GAUCHE;ENSEMBLE À GAUCHE;Madame;RUMPCZYK;Delphine;-;-
GC;1;EAG;ENSEMBLE À GAUCHE;ENSEMBLE À GAUCHE;Madame;SALM DARBOE;Karijn;-;-
GC;1;EAG;ENSEMBLE À GAUCHE;ENSEMBLE À GAUCHE;Monsieur;ANDENMATTEN;David;-;-
GC;1;EAG;ENSEMBLE À GAUCHE;ENSEMBLE À GAUCHE;Madame;SCHMID;Audrey;-;-
GC;1;EAG;ENSEMBLE À GAUCHE;ENSEMBLE À GAUCHE;Monsieur;GUEVARA;Francisco;-;-
GC;1;EAG;ENSEMBLE À GAUCHE;ENSEMBLE À GAUCHE;Monsieur;BATOU;Jean;-;-
GC;1;EAG;ENSEMBLE À GAUCHE;ENSEMBLE À GAUCHE;Madame;STEBLER GUENAT;Henriette;-;-
GC;1;EAG;ENSEMBLE À GAUCHE;ENSEMBLE À GAUCHE;Madame;EDJEOU;Corinne;BUNTSCHU;-
GC;1;EAG;ENSEMBLE À GAUCHE;ENSEMBLE À GAUCHE;Madame;ZAUGG;Cecilia;-;-
GC;1;EAG;ENSEMBLE À GAUCHE;ENSEMBLE À GAUCHE;Monsieur;BAUD;Olivier;-;-
GC;1;EAG;ENSEMBLE À GAUCHE;ENSEMBLE À GAUCHE;Madame;ZBINDEN;Livia;-;-
GC;1;EAG;ENSEMBLE À GAUCHE;ENSEMBLE À GAUCHE;Monsieur;ROSSEL;Pascal;-;-
GC;1;EAG;ENSEMBLE À GAUCHE;ENSEMBLE À GAUCHE;Monsieur;BAYENET;Pierre;-;-
GC;1;EAG;ENSEMBLE À GAUCHE;ENSEMBLE À GAUCHE;Madame;BAILAT;Ariane;-;-
GC;1;EAG;ENSEMBLE À GAUCHE;ENSEMBLE À GAUCHE;Madame;MAILLEFER;Denise;-;-
GC;1;EAG;ENSEMBLE À GAUCHE;ENSEMBLE À GAUCHE;Madame;MEIERHOFER MANYAGOUA BOUMTCHÉ;Charlotte;-;-
GC;1;EAG;ENSEMBLE À GAUCHE;ENSEMBLE À GAUCHE;Madame;BLANCHET;Marjo;-;-
GC;1;EAG;ENSEMBLE À GAUCHE;ENSEMBLE À GAUCHE;Monsieur;MARTI;Werner;-;-
GC;1;EAG;ENSEMBLE À GAUCHE;ENSEMBLE À GAUCHE;Madame;KHAOUCHI;Corinne;-;-
GC;1;EAG;ENSEMBLE À GAUCHE;ENSEMBLE À GAUCHE;Madame;BOLAY ROBIN;Stéphanie;-;-
GC;1;EAG;ENSEMBLE À GAUCHE;ENSEMBLE À GAUCHE;Monsieur;BLANCO;Luis;-;-
GC;1;EAG;ENSEMBLE À GAUCHE;ENSEMBLE À GAUCHE;Monsieur;MAMIN;François;-;-
GC;1;EAG;ENSEMBLE À GAUCHE;ENSEMBLE À GAUCHE;Madame;DE MELO MARCELINO;Amélia;-;-
GC;1;EAG;ENSEMBLE À GAUCHE;ENSEMBLE À GAUCHE;Monsieur;BOUZID;Mohamed;-;-
GC;1;EAG;ENSEMBLE À GAUCHE;ENSEMBLE À GAUCHE;Madame;BOUJEMAA;Sanae;-;-
GC;1;EAG;ENSEMBLE À GAUCHE;ENSEMBLE À GAUCHE;Monsieur;GALLAND;Eduardo;-;-
GC;1;EAG;ENSEMBLE À GAUCHE;ENSEMBLE À GAUCHE;Madame;JELK;Andrée;JELK-PEILA;-
GC;1;EAG;ENSEMBLE À GAUCHE;ENSEMBLE À GAUCHE;Madame;CASTRO;Gloria;-;-
GC;1;EAG;ENSEMBLE À GAUCHE;ENSEMBLE À GAUCHE;Monsieur;CAMELO;Alfredo;-;-
GC;1;EAG;ENSEMBLE À GAUCHE;ENSEMBLE À GAUCHE;Monsieur;NOETZLIN;Simon;-;-
GC;1;EAG;ENSEMBLE À GAUCHE;ENSEMBLE À GAUCHE;Madame;DURAKU;Fitore;-;-
GC;1;EAG;ENSEMBLE À GAUCHE;ENSEMBLE À GAUCHE;Monsieur;DURAKU;Edon;-;-
GC;1;EAG;ENSEMBLE À GAUCHE;ENSEMBLE À GAUCHE;Madame;FERREIRA;Elisabeth;-;-
GC;1;EAG;ENSEMBLE À GAUCHE;ENSEMBLE À GAUCHE;Monsieur;CHRISTINAT;Jean-David;-;-
GC;1;EAG;ENSEMBLE À GAUCHE;ENSEMBLE À GAUCHE;Madame;GERARDO FÉLIZ GRUBI;Ynes;-;-
GC;1;EAG;ENSEMBLE À GAUCHE;ENSEMBLE À GAUCHE;Monsieur;CARLO;Xavier;-;-
GC;1;EAG;ENSEMBLE À GAUCHE;ENSEMBLE À GAUCHE;Monsieur;SAHIN;Gazi;-;-
GC;2;VERT;LES VERTS;LES VERTS;Monsieur;HODGERS;Antonio;-;-
GC;2;VERT;LES VERTS;LES VERTS;Madame;DE CHASTONAY;Marjorie;-;-
GC;2;VERT;LES VERTS;LES VERTS;Monsieur;ROCHAT;Yvan;-;-
GC;2;VERT;LES VERTS;LES VERTS;Madame;PERLER;Frédérique;-;-
GC;2;VERT;LES VERTS;LES VERTS;Monsieur;BUSCHBECK;Mathias;-;-
GC;2;VERT;LES VERTS;LES VERTS;Monsieur;LEFORT;François;-;-
GC;2;VERT;LES VERTS;LES VERTS;Madame;LEONELLI;Katia;-;-
GC;2;VERT;LES VERTS;LES VERTS;Madame;MACCHIAVELLI;Marta;-;Marta Julia
GC;2;VERT;LES VERTS;LES VERTS;Monsieur;MAKOSSO;William;-;-
GC;2;VERT;LES VERTS;LES VERTS;Monsieur;MARTIN;David;-;-
GC;2;VERT;LES VERTS;LES VERTS;Madame;MÜLLER SONTAG;Corinne;-;-
GC;2;VERT;LES VERTS;LES VERTS;Monsieur;NICOLET-DIT-FELIX;Julien;-;-
GC;2;VERT;LES VERTS;LES VERTS;Monsieur;NOËL;Philippe;-;-
GC;2;VERT;LES VERTS;LES VERTS;Madame;ORIOLO;Alessandra;-;-
GC;2;VERT;LES VERTS;LES VERTS;Madame;OZTÜRK;Dilara;-;-
GC;2;VERT;LES VERTS;LES VERTS;Madame;PASQUIER;Isabelle;PASQUIER-EICHENBERGER;-
GC;2;VERT;LES VERTS;LES VERTS;Monsieur;POGET;Philippe;-;-
GC;2;VERT;LES VERTS;LES VERTS;Madame;QUIJANO GARCIA;Maria;-;Maria José
GC;2;VERT;LES VERTS;LES VERTS;Monsieur;RODRIGUEZ;Mario;-;-
GC;2;VERT;LES VERTS;LES VERTS;Madame;ROGG;Catharina;-;Olowine
GC;2;VERT;LES VERTS;LES VERTS;Monsieur;ROSSIAUD;Jean;-;-
GC;2;VERT;LES VERTS;LES VERTS;Madame;SAA BAUD;Yubitza;-;-
GC;2;VERT;LES VERTS;LES VERTS;Monsieur;SCHALK;Antoine;-;-
GC;2;VERT;LES VERTS;LES VERTS;Madame;SCHAUFELBERGER;Esther;-;-
GC;2;VERT;LES VERTS;LES VERTS;Madame;SORDET;Adrienne;-;-
GC;2;VERT;LES VERTS;LES VERTS;Monsieur;TALEGHANI;Majid;-;-
GC;2;VERT;LES VERTS;LES VERTS;Madame;TCHAMKERTEN;Jolanka;-;-
GC;2;VERT;LES VERTS;LES VERTS;Madame;TIGUEMOUNINE;Sabine;-;-
GC;2;VERT;LES VERTS;LES VERTS;Monsieur;TINGUELY;Dominique;-;-
GC;2;VERT;LES VERTS;LES VERTS;Madame;TSCHUDI;Paloma;-;-
GC;2;VERT;LES VERTS;LES VERTS;Madame;VAN WOERDEN;Wendy;-;-
GC;2;VERT;LES VERTS;LES VERTS;Monsieur;VEIGA ARIAS;Damian;VEIGA LÖFFEL;-
GC;2;VERT;LES VERTS;LES VERTS;Madame;WISARD PRADO;Leyma;-;-
GC;2;VERT;LES VERTS;LES VERTS;Madame;YUNUS EBENER;Mariam;-;Maryam
GC;2;VERT;LES VERTS;LES VERTS;Monsieur;AMATO;Maurice;-;-
GC;2;VERT;LES VERTS;LES VERTS;Madame;AMSELLEM;Benedicte;AMSELLEM-OSSIPOW;-
GC;2;VERT;LES VERTS;LES VERTS;Monsieur;ARDIZZONE;Ivan;-;-
GC;2;VERT;LES VERTS;LES VERTS;Monsieur;AZZABI;Omar;-;-
GC;2;VERT;LES VERTS;LES VERTS;Madame;BÄNZIGER;Ruth;-;-
GC;2;VERT;LES VERTS;LES VERTS;Madame;BARCIELA VILLAR;Ana;-;-
GC;2;VERT;LES VERTS;LES VERTS;Monsieur;BAVAREL;Christian;-;-
GC;2;VERT;LES VERTS;LES VERTS;Monsieur;BOCCARD;Damien;-;Damien Baptiste
GC;2;VERT;LES VERTS;LES VERTS;Monsieur;BONNY;Didier;-;-
GC;2;VERT;LES VERTS;LES VERTS;Madame;BONVIN BONFANTI;Anne;-;-
GC;2;VERT;LES VERTS;LES VERTS;Monsieur;BUCHER;Denis;-;-
GC;2;VERT;LES VERTS;LES VERTS;Monsieur;BUENZOD;Christian;-;-
GC;2;VERT;LES VERTS;LES VERTS;Madame;BUI;Aurore;-;-
GC;2;VERT;LES VERTS;LES VERTS;Madame;CABITZA;Marina;-;-
GC;2;VERT;LES VERTS;LES VERTS;Monsieur;CALAME;Boris;-;-
GC;2;VERT;LES VERTS;LES VERTS;Monsieur;CALAME;Fabrice;-;-
GC;2;VERT;LES VERTS;LES VERTS;Madame;CHAUDIEU;Anne;-;-
GC;2;VERT;LES VERTS;LES VERTS;Madame;CONCHA;Celtia;-;-
GC;2;VERT;LES VERTS;LES VERTS;Madame;CORPATAUX;Laurence;-;-
GC;2;VERT;LES VERTS;LES VERTS;Monsieur;DALPHIN;Marc;-;-
GC;2;VERT;LES VERTS;LES VERTS;Monsieur;DE FELICE;Nicolas;-;-
GC;2;VERT;LES VERTS;LES VERTS;Madame;DE MAIO;Sara;-;-
GC;2;VERT;LES VERTS;LES VERTS;Monsieur;DE MATTEIS;Yves;-;-
GC;2;VERT;LES VERTS;LES VERTS;Monsieur;DE ROUGEMONT;Philippe;-;-
GC;2;VERT;LES VERTS;LES VERTS;Madame;DESBIOLLES;Sophie;-;-
GC;2;VERT;LES VERTS;LES VERTS;Madame;DESCOMBES;Isabelle;-;-
GC;2;VERT;LES VERTS;LES VERTS;Monsieur;DUJOUX;Valentin;-;-
GC;2;VERT;LES VERTS;LES VERTS;Monsieur;DUPUIS;Renaud;-;-
GC;2;VERT;LES VERTS;LES VERTS;Monsieur;EBENER;Christophe;-;-
GC;2;VERT;LES VERTS;LES VERTS;Monsieur;ECKERT;Pierre;-;-
GC;2;VERT;LES VERTS;LES VERTS;Madame;FISCHER;Fabienne;-;-
GC;2;VERT;LES VERTS;LES VERTS;Monsieur;FREYMOND;Pascal;-;-
GC;2;VERT;LES VERTS;LES VERTS;Monsieur;GEOFFROY;Elias;-;-
GC;2;VERT;LES VERTS;LES VERTS;Monsieur;GOMEZ;Alfonso;-;-
GC;2;VERT;LES VERTS;LES VERTS;Monsieur;HAAS;François;-;-
GC;2;VERT;LES VERTS;LES VERTS;Madame;HARTMANN;Esther;-;-
GC;2;VERT;LES VERTS;LES VERTS;Madame;HEBERLEIN SIMONETT;Claudia;-;-
GC;2;VERT;LES VERTS;LES VERTS;Monsieur;HERREN;Yves;-;-
GC;2;VERT;LES VERTS;LES VERTS;Madame;KHAMIS VANNINI;Uzma;-;-
GC;2;VERT;LES VERTS;LES VERTS;Madame;KLOPFENSTEIN BROGGINI;Delphine;-;-
GC;2;VERT;LES VERTS;LES VERTS;Monsieur;KÜNDIG;Ralph;-;-
GC;2;VERT;LES VERTS;LES VERTS;Madame;LATOUR;Sabine;-;-
GC;3;SOC;LES SOCIALISTES;LES SOCIALISTES;Madame;EMERY-TORRACINTA;Anne;-;-
GC;3;SOC;LES SOCIALISTES;LES SOCIALISTES;Monsieur;APOTHÉLOZ;Thierry;-;-
GC;3;SOC;LES SOCIALISTES;LES SOCIALISTES;Madame;SALERNO;Sandrine;-;-
GC;3;SOC;LES SOCIALISTES;LES SOCIALISTES;Monsieur;DE SAINTE-MARIE;Romain;-;-
GC;3;SOC;LES SOCIALISTES;LES SOCIALISTES;Madame;KAST;Carole-Anne;-;-
GC;3;SOC;LES SOCIALISTES;LES SOCIALISTES;Monsieur;WENGER;Thomas;-;-
GC;3;SOC;LES SOCIALISTES;LES SOCIALISTES;Madame;MARTI;Caroline;-;-
GC;3;SOC;LES SOCIALISTES;LES SOCIALISTES;Monsieur;BANDLER;Marko;-;-
GC;3;SOC;LES SOCIALISTES;LES SOCIALISTES;Madame;MOYARD MIZRAHI;Salima;-;-
GC;3;SOC;LES SOCIALISTES;LES SOCIALISTES;Monsieur;DANDRÈS;Christian;-;-
GC;3;SOC;LES SOCIALISTES;LES SOCIALISTES;Madame;VERISSIMO DE FREITAS;Helena;-;-
GC;3;SOC;LES SOCIALISTES;LES SOCIALISTES;Monsieur;CARASSO;Grégoire;-;-
GC;3;SOC;LES SOCIALISTES;LES SOCIALISTES;Madame;SOBANEK;Marion;-;-
GC;3;SOC;LES SOCIALISTES;LES SOCIALISTES;Monsieur;THÉVOZ;Sylvain;-;-
GC;3;SOC;LES SOCIALISTES;LES SOCIALISTES;Madame;CONTI;Jennifer;-;-
GC;3;SOC;LES SOCIALISTES;LES SOCIALISTES;Monsieur;STAUB;Martin;-;-
GC;3;SOC;LES SOCIALISTES;LES SOCIALISTES;Madame;VALIQUER GRECUCCIO;Nicole;-;-
GC;3;SOC;LES SOCIALISTES;LES SOCIALISTES;Monsieur;RIELLE;Jean Charles;-;-
GC;3;SOC;LES SOCIALISTES;LES SOCIALISTES;Madame;GAVILANES;Amanda;-;-
GC;3;SOC;LES SOCIALISTES;LES SOCIALISTES;Monsieur;MIZRAHI;Cyril;-;-
GC;3;SOC;LES SOCIALISTES;LES SOCIALISTES;Madame;CASARES;Maria Jesus;-;-
GC;3;SOC;LES SOCIALISTES;LES SOCIALISTES;Monsieur;POMATTO;Michel;-;-
GC;3;SOC;LES SOCIALISTES;LES SOCIALISTES;Madame;STRASSER;Léna;-;-
GC;3;SOC;LES SOCIALISTES;LES SOCIALISTES;Monsieur;KOKOT;Guilhem;-;-
GC;3;SOC;LES SOCIALISTES;LES SOCIALISTES;Madame;ROMANO;Maria;-;Maria Vittoria
GC;3;SOC;LES SOCIALISTES;LES SOCIALISTES;Monsieur;MUSSA;Ahmed;-;Youniss
GC;3;SOC;LES SOCIALISTES;LES SOCIALISTES;Madame;OSMANI;Xhevrie;-;-
GC;3;SOC;LES SOCIALISTES;LES SOCIALISTES;Monsieur;ESTEBAN;Diego;-;-
GC;3;SOC;LES SOCIALISTES;LES SOCIALISTES;Madame;BAILLON;Glenna;-;-
GC;3;SOC;LES SOCIALISTES;LES SOCIALISTES;Monsieur;EYA NCHAMA;Cruz Melchor;-;-
GC;3;SOC;LES SOCIALISTES;LES SOCIALISTES;Madame;BRANDRUP;Gladys;ACOSTA BRANDRUP;-
GC;3;SOC;LES SOCIALISTES;LES SOCIALISTES;Monsieur;CHIARADONNA;Denis;-;-
GC;3;SOC;LES SOCIALISTES;LES SOCIALISTES;Madame;LÜTHI;Badia;-;-
GC;3;SOC;LES SOCIALISTES;LES SOCIALISTES;Monsieur;CLEMENCE;Nicolas;-;-
GC;3;SOC;LES SOCIALISTES;LES SOCIALISTES;Madame;VATRE;Patricia;-;-
GC;3;SOC;LES SOCIALISTES;LES SOCIALISTES;Monsieur;ZIMMERMANN;Michel;-;-
GC;3;SOC;LES SOCIALISTES;LES SOCIALISTES;Madame;VIRET;Dora;-;Cécilia
GC;3;SOC;LES SOCIALISTES;LES SOCIALISTES;Monsieur;VELASCO;Alberto;-;-
GC;3;SOC;LES SOCIALISTES;LES SOCIALISTES;Monsieur;FABRE;Michel;-;-
GC;3;SOC;LES SOCIALISTES;LES SOCIALISTES;Monsieur;DE BATTISTA;Regis;-;-
GC;3;SOC;LES SOCIALISTES;LES SOCIALISTES;Monsieur;DEONNA;Emmanuel;-;-
GC;3;SOC;LES SOCIALISTES;LES SOCIALISTES;Monsieur;TOMBOLA;Jean-Pierre;-;-
GC;3;SOC;LES SOCIALISTES;LES SOCIALISTES;Monsieur;KEEL;Theo;-;-
GC;3;SOC;LES SOCIALISTES;LES SOCIALISTES;Monsieur;LAPALUD;Patrick;-;-
GC;3;SOC;LES SOCIALISTES;LES SOCIALISTES;Monsieur;BARRY;Thierno;-;-
GC;3;SOC;LES SOCIALISTES;LES SOCIALISTES;Monsieur;HALIMI;Hysri;-;-
GC;3;SOC;LES SOCIALISTES;LES SOCIALISTES;Monsieur;GAJARDO MUNOZ;Jorge;-;-
GC;3;SOC;LES SOCIALISTES;LES SOCIALISTES;Monsieur;ALONSO UNICA;Manuel;-;-
GC;3;SOC;LES SOCIALISTES;LES SOCIALISTES;Monsieur;BALDINI;Frédéric;-;-
GC;3;SOC;LES SOCIALISTES;LES SOCIALISTES;Monsieur;BRUCHEZ;Thomas;-;-
GC;3;SOC;LES SOCIALISTES;LES SOCIALISTES;Monsieur;BENDA;Benjamin;-;-
GC;3;SOC;LES SOCIALISTES;LES SOCIALISTES;Monsieur;BURKHARD;Roland;-;-
GC;3;SOC;LES SOCIALISTES;LES SOCIALISTES;Monsieur;BOSSHARD;Pierre Yves;-;-
GC;3;SOC;LES SOCIALISTES;LES SOCIALISTES;Monsieur;KURTESHI;Ismet;-;-
GC;4;PLR;LIBÉRAUX-RADICAUX;PLR. LES LIBÉRAUX-RADICAUX GENÈVE;Monsieur;MAUDET;Pierre;-;-
GC;4;PLR;LIBÉRAUX-RADICAUX;PLR. LES LIBÉRAUX-RADICAUX GENÈVE;Madame;FONTANET;Nathalie;-;-
GC;4;PLR;LIBÉRAUX-RADICAUX;PLR. LES LIBÉRAUX-RADICAUX GENÈVE;Monsieur;DE SENARCLENS;Alexandre;-;-
GC;4;PLR;LIBÉRAUX-RADICAUX;PLR. LES LIBÉRAUX-RADICAUX GENÈVE;Madame;DE MONTMOLLIN;Simone;-;-
GC;4;PLR;LIBÉRAUX-RADICAUX;PLR. LES LIBÉRAUX-RADICAUX GENÈVE;Monsieur;MOREL;Philippe;-;-
GC;4;PLR;LIBÉRAUX-RADICAUX;PLR. LES LIBÉRAUX-RADICAUX GENÈVE;Monsieur;PUTALLAZ;Jean;Jean ROMAIN;-
GC;4;PLR;LIBÉRAUX-RADICAUX;PLR. LES LIBÉRAUX-RADICAUX GENÈVE;Monsieur;SAUDAN;Patrick;-;-
GC;4;PLR;LIBÉRAUX-RADICAUX;PLR. LES LIBÉRAUX-RADICAUX GENÈVE;Monsieur;SELLEGER;Charles;-;-
GC;4;PLR;LIBÉRAUX-RADICAUX;PLR. LES LIBÉRAUX-RADICAUX GENÈVE;Monsieur;UEHLINGER;Pascal;-;-
GC;4;PLR;LIBÉRAUX-RADICAUX;PLR. LES LIBÉRAUX-RADICAUX GENÈVE;Monsieur;VUILLOD;Georges;-;-
GC;4;PLR;LIBÉRAUX-RADICAUX;PLR. LES LIBÉRAUX-RADICAUX GENÈVE;Monsieur;WICKY;Raymond;-;-
GC;4;PLR;LIBÉRAUX-RADICAUX;PLR. LES LIBÉRAUX-RADICAUX GENÈVE;Madame;ZUBER;Céline;ROY;-
GC;4;PLR;LIBÉRAUX-RADICAUX;PLR. LES LIBÉRAUX-RADICAUX GENÈVE;Monsieur;ZWEIFEL;Yvan;-;-
GC;4;PLR;LIBÉRAUX-RADICAUX;PLR. LES LIBÉRAUX-RADICAUX GENÈVE;Monsieur;AELLEN;Cyril;-;-
GC;4;PLR;LIBÉRAUX-RADICAUX;PLR. LES LIBÉRAUX-RADICAUX GENÈVE;Monsieur;ALDER;Murat Julian;-;-
GC;4;PLR;LIBÉRAUX-RADICAUX;PLR. LES LIBÉRAUX-RADICAUX GENÈVE;Monsieur;BARBEY;Alexis;-;-
GC;4;PLR;LIBÉRAUX-RADICAUX;PLR. LES LIBÉRAUX-RADICAUX GENÈVE;Monsieur;BARDE;Antoine;-;-
GC;4;PLR;LIBÉRAUX-RADICAUX;PLR. LES LIBÉRAUX-RADICAUX GENÈVE;Monsieur;BÉNÉ;Jacques;-;-
GC;4;PLR;LIBÉRAUX-RADICAUX;PLR. LES LIBÉRAUX-RADICAUX GENÈVE;Madame;DE CANDOLLE;Beatriz;-;-
GC;4;PLR;LIBÉRAUX-RADICAUX;PLR. LES LIBÉRAUX-RADICAUX GENÈVE;Monsieur;CONNE;Pierre;-;-
GC;4;PLR;LIBÉRAUX-RADICAUX;PLR. LES LIBÉRAUX-RADICAUX GENÈVE;Monsieur;CUENDET;Edouard;-;-
GC;4;PLR;LIBÉRAUX-RADICAUX;PLR. LES LIBÉRAUX-RADICAUX GENÈVE;Madame;HARDYN;Nathalie;-;-
GC;4;PLR;LIBÉRAUX-RADICAUX;PLR. LES LIBÉRAUX-RADICAUX GENÈVE;Monsieur;HILTPOLD;Serge;-;-
GC;4;PLR;LIBÉRAUX-RADICAUX;PLR. LES LIBÉRAUX-RADICAUX GENÈVE;Monsieur;MALEK-ASGHAR;Patrick;-;-
GC;4;PLR;LIBÉRAUX-RADICAUX;PLR. LES LIBÉRAUX-RADICAUX GENÈVE;Madame;MONBARON;Fabienne;MONBARON-STRESS;-
GC;4;PLR;LIBÉRAUX-RADICAUX;PLR. LES LIBÉRAUX-RADICAUX GENÈVE;Madame;MORAND;Louise;-;-
GC;4;PLR;LIBÉRAUX-RADICAUX;PLR. LES LIBÉRAUX-RADICAUX GENÈVE;Monsieur;NICOLLIER;Pierre;-;-
GC;4;PLR;LIBÉRAUX-RADICAUX;PLR. LES LIBÉRAUX-RADICAUX GENÈVE;Madame;OPPLIGER;Danielle;-;-
GC;4;PLR;LIBÉRAUX-RADICAUX;PLR. LES LIBÉRAUX-RADICAUX GENÈVE;Monsieur;ORSINI;Antoine;-;-
GC;4;PLR;LIBÉRAUX-RADICAUX;PLR. LES LIBÉRAUX-RADICAUX GENÈVE;Monsieur;PASQUIER;Jean-Pierre;-;-
GC;4;PLR;LIBÉRAUX-RADICAUX;PLR. LES LIBÉRAUX-RADICAUX GENÈVE;Monsieur;PATEK;Serge;-;-
GC;4;PLR;LIBÉRAUX-RADICAUX;PLR. LES LIBÉRAUX-RADICAUX GENÈVE;Madame;DE PLANTA;Francine;-;-
GC;4;PLR;LIBÉRAUX-RADICAUX;PLR. LES LIBÉRAUX-RADICAUX GENÈVE;Monsieur;RANA ZOLANA;Ginior;-;-
GC;4;PLR;LIBÉRAUX-RADICAUX;PLR. LES LIBÉRAUX-RADICAUX GENÈVE;Madame;RIGOTTI;Maria;-;Helena
GC;4;PLR;LIBÉRAUX-RADICAUX;PLR. LES LIBÉRAUX-RADICAUX GENÈVE;Madame;ROULLET;Michèle;-;-
GC;4;PLR;LIBÉRAUX-RADICAUX;PLR. LES LIBÉRAUX-RADICAUX GENÈVE;Monsieur;SCHALLER;Vincent;-;-
GC;4;PLR;LIBÉRAUX-RADICAUX;PLR. LES LIBÉRAUX-RADICAUX GENÈVE;Monsieur;SCHNEEBELI;Roland-Daniel;-;-
GC;4;PLR;LIBÉRAUX-RADICAUX;PLR. LES LIBÉRAUX-RADICAUX GENÈVE;Monsieur;SENGLET;Christophe;-;-
GC;4;PLR;LIBÉRAUX-RADICAUX;PLR. LES LIBÉRAUX-RADICAUX GENÈVE;Monsieur;SERRANO;Philippe;-;-
GC;4;PLR;LIBÉRAUX-RADICAUX;PLR. LES LIBÉRAUX-RADICAUX GENÈVE;Madame;SOMMER;Monika;-;-
GC;4;PLR;LIBÉRAUX-RADICAUX;PLR. LES LIBÉRAUX-RADICAUX GENÈVE;Monsieur;STEINER;Matthieu;-;-
GC;4;PLR;LIBÉRAUX-RADICAUX;PLR. LES LIBÉRAUX-RADICAUX GENÈVE;Monsieur;SUBILIA;Vincent;-;-
GC;4;PLR;LIBÉRAUX-RADICAUX;PLR. LES LIBÉRAUX-RADICAUX GENÈVE;Monsieur;TABOADA;Francisco;-;-
GC;4;PLR;LIBÉRAUX-RADICAUX;PLR. LES LIBÉRAUX-RADICAUX GENÈVE;Monsieur;TSCHOPP;Laurent;-;-
GC;4;PLR;LIBÉRAUX-RADICAUX;PLR. LES LIBÉRAUX-RADICAUX GENÈVE;Monsieur;WAVRE;Rolin;-;-
GC;4;PLR;LIBÉRAUX-RADICAUX;PLR. LES LIBÉRAUX-RADICAUX GENÈVE;Monsieur;WICKI;Guy;-;-
GC;4;PLR;LIBÉRAUX-RADICAUX;PLR. LES LIBÉRAUX-RADICAUX GENÈVE;Monsieur;WOLFISBERG;François;-;-
GC;4;PLR;LIBÉRAUX-RADICAUX;PLR. LES LIBÉRAUX-RADICAUX GENÈVE;Monsieur;AGRAMUNT;Gian-Reto;-;-
GC;4;PLR;LIBÉRAUX-RADICAUX;PLR. LES LIBÉRAUX-RADICAUX GENÈVE;Monsieur;APOTHÉLOZ;Jacques;-;-
GC;4;PLR;LIBÉRAUX-RADICAUX;PLR. LES LIBÉRAUX-RADICAUX GENÈVE;Monsieur;AUBERT;Nicolas;-;-
GC;4;PLR;LIBÉRAUX-RADICAUX;PLR. LES LIBÉRAUX-RADICAUX GENÈVE;Madame;BARBIER-MUELLER;Diane;-;-
GC;4;PLR;LIBÉRAUX-RADICAUX;PLR. LES LIBÉRAUX-RADICAUX GENÈVE;Monsieur;BELLINGERI;Stefano Vito;-;-
GC;4;PLR;LIBÉRAUX-RADICAUX;PLR. LES LIBÉRAUX-RADICAUX GENÈVE;Madame;BERSIER;Julie;-;-
GC;4;PLR;LIBÉRAUX-RADICAUX;PLR. LES LIBÉRAUX-RADICAUX GENÈVE;Monsieur;BLANCH;Richard-Pascal;-;Pascal
GC;4;PLR;LIBÉRAUX-RADICAUX;PLR. LES LIBÉRAUX-RADICAUX GENÈVE;Madame;BÖHLER;Frances;BÖHLER-GOODSHIP;Elizabeth
GC;4;PLR;LIBÉRAUX-RADICAUX;PLR. LES LIBÉRAUX-RADICAUX GENÈVE;Madame;BOUVIER;Christine;-;-
GC;4;PLR;LIBÉRAUX-RADICAUX;PLR. LES LIBÉRAUX-RADICAUX GENÈVE;Monsieur;BRANDT;Simon;-;-
GC;4;PLR;LIBÉRAUX-RADICAUX;PLR. LES LIBÉRAUX-RADICAUX GENÈVE;Monsieur;BRON;Gilles-Olivier;-;-
GC;4;PLR;LIBÉRAUX-RADICAUX;PLR. LES LIBÉRAUX-RADICAUX GENÈVE;Madame;BRUNEL;Mayori;-;-
GC;4;PLR;LIBÉRAUX-RADICAUX;PLR. LES LIBÉRAUX-RADICAUX GENÈVE;Monsieur;BURRI;Rémy;-;-
GC;4;PLR;LIBÉRAUX-RADICAUX;PLR. LES LIBÉRAUX-RADICAUX GENÈVE;Madame;CORNU;Renate;-;-
GC;4;PLR;LIBÉRAUX-RADICAUX;PLR. LES LIBÉRAUX-RADICAUX GENÈVE;Monsieur;CREFFIELD;Conrad;-;-
GC;4;PLR;LIBÉRAUX-RADICAUX;PLR. LES LIBÉRAUX-RADICAUX GENÈVE;Monsieur;DAHER;Vincent;-;-
GC;4;PLR;LIBÉRAUX-RADICAUX;PLR. LES LIBÉRAUX-RADICAUX GENÈVE;Monsieur;DÉROBERT;Thierry;-;-
GC;4;PLR;LIBÉRAUX-RADICAUX;PLR. LES LIBÉRAUX-RADICAUX GENÈVE;Madame;DESFAYES;Natacha;BUFFET-DESFAYES;-
GC;4;PLR;LIBÉRAUX-RADICAUX;PLR. LES LIBÉRAUX-RADICAUX GENÈVE;Monsieur;DOUZALS;Jacques;-;-
GC;4;PLR;LIBÉRAUX-RADICAUX;PLR. LES LIBÉRAUX-RADICAUX GENÈVE;Madame;FISS;Joëlle;-;-
GC;4;PLR;LIBÉRAUX-RADICAUX;PLR. LES LIBÉRAUX-RADICAUX GENÈVE;Monsieur;GENECAND;Adrien;-;-
GC;4;PLR;LIBÉRAUX-RADICAUX;PLR. LES LIBÉRAUX-RADICAUX GENÈVE;Madame;GIACOBINO;Donata;GIACOBINO-FROIDEVAUX;Nadia
GC;4;PLR;LIBÉRAUX-RADICAUX;PLR. LES LIBÉRAUX-RADICAUX GENÈVE;Monsieur;GRAND;Eric;-;-
GC;4;PLR;LIBÉRAUX-RADICAUX;PLR. LES LIBÉRAUX-RADICAUX GENÈVE;Monsieur;GROGNUZ;Fabien;-;-
GC;4;PLR;LIBÉRAUX-RADICAUX;PLR. LES LIBÉRAUX-RADICAUX GENÈVE;Madame;JAY;Sylvie;-;-
GC;4;PLR;LIBÉRAUX-RADICAUX;PLR. LES LIBÉRAUX-RADICAUX GENÈVE;Monsieur;JUD;Philippe;-;-
GC;4;PLR;LIBÉRAUX-RADICAUX;PLR. LES LIBÉRAUX-RADICAUX GENÈVE;Madame;KÄMPFEN;Véronique;-;-
GC;4;PLR;LIBÉRAUX-RADICAUX;PLR. LES LIBÉRAUX-RADICAUX GENÈVE;Madame;LÄMMEL;Valérie;LAEMMEL-JUILLARD;-
GC;4;PLR;LIBÉRAUX-RADICAUX;PLR. LES LIBÉRAUX-RADICAUX GENÈVE;Monsieur;LEISER;Jean-Marc;-;-
GC;4;PLR;LIBÉRAUX-RADICAUX;PLR. LES LIBÉRAUX-RADICAUX GENÈVE;Monsieur;LOCHER;Jean;-;-
GC;4;PLR;LIBÉRAUX-RADICAUX;PLR. LES LIBÉRAUX-RADICAUX GENÈVE;Madame;LUZZATTO;Christine;-;-
GC;4;PLR;LIBÉRAUX-RADICAUX;PLR. LES LIBÉRAUX-RADICAUX GENÈVE;Madame;MESSERLI;Marie-Claire;-;-
GC;4;PLR;LIBÉRAUX-RADICAUX;PLR. LES LIBÉRAUX-RADICAUX GENÈVE;Monsieur;MEYER;Philippe;-;-
GC;5;PDC;DÉMOCRATE-CHRÉTIEN;PARTI DÉMOCRATE-CHRÉTIEN (PDC);Monsieur;BARTHASSAT;Luc;-;-
GC;5;PDC;DÉMOCRATE-CHRÉTIEN;PARTI DÉMOCRATE-CHRÉTIEN (PDC);Monsieur;DAL BUSCO;Serge;-;-
GC;5;PDC;DÉMOCRATE-CHRÉTIEN;PARTI DÉMOCRATE-CHRÉTIEN (PDC);Monsieur;BUCHS;Bertrand;-;-
GC;5;PDC;DÉMOCRATE-CHRÉTIEN;PARTI DÉMOCRATE-CHRÉTIEN (PDC);Monsieur;AEBI;Benjamin;-;-
GC;5;PDC;DÉMOCRATE-CHRÉTIEN;PARTI DÉMOCRATE-CHRÉTIEN (PDC);Monsieur;ANGELOZZI;Philippe;-;-
GC;5;PDC;DÉMOCRATE-CHRÉTIEN;PARTI DÉMOCRATE-CHRÉTIEN (PDC);Madame;VON ARX-VERNON;Anne-Marie;-;-
GC;5;PDC;DÉMOCRATE-CHRÉTIEN;PARTI DÉMOCRATE-CHRÉTIEN (PDC);Madame;BACHMANN;Delphine;-;-
GC;5;PDC;DÉMOCRATE-CHRÉTIEN;PARTI DÉMOCRATE-CHRÉTIEN (PDC);Madame;BIDAUX;Patricia;BIDAUX-RODRIGUEZ;-
GC;5;PDC;DÉMOCRATE-CHRÉTIEN;PARTI DÉMOCRATE-CHRÉTIEN (PDC);Monsieur;BLONDIN;Jacques;-;-
GC;5;PDC;DÉMOCRATE-CHRÉTIEN;PARTI DÉMOCRATE-CHRÉTIEN (PDC);Madame;BOCQUET;Claude;-;-
GC;5;PDC;DÉMOCRATE-CHRÉTIEN;PARTI DÉMOCRATE-CHRÉTIEN (PDC);Monsieur;BOURBALA;Djamel;-;-
GC;5;PDC;DÉMOCRATE-CHRÉTIEN;PARTI DÉMOCRATE-CHRÉTIEN (PDC);Monsieur;BOUVIER;Jérémy;-;-
GC;5;PDC;DÉMOCRATE-CHRÉTIEN;PARTI DÉMOCRATE-CHRÉTIEN (PDC);Monsieur;BUGNION;Jean-Michel;-;-
GC;5;PDC;DÉMOCRATE-CHRÉTIEN;PARTI DÉMOCRATE-CHRÉTIEN (PDC);Madame;CASUTT;Martine;-;-
GC;5;PDC;DÉMOCRATE-CHRÉTIEN;PARTI DÉMOCRATE-CHRÉTIEN (PDC);Monsieur;CERUTTI;Olivier;-;-
GC;5;PDC;DÉMOCRATE-CHRÉTIEN;PARTI DÉMOCRATE-CHRÉTIEN (PDC);Madame;CHAKER MANGEAT;Alia;-;-
GC;5;PDC;DÉMOCRATE-CHRÉTIEN;PARTI DÉMOCRATE-CHRÉTIEN (PDC);Monsieur;CHEVALIER;Alexandre;-;-
GC;5;PDC;DÉMOCRATE-CHRÉTIEN;PARTI DÉMOCRATE-CHRÉTIEN (PDC);Monsieur;DECREY;Christophe;-;-
GC;5;PDC;DÉMOCRATE-CHRÉTIEN;PARTI DÉMOCRATE-CHRÉTIEN (PDC);Madame;DELUERMOZ;Cosima;-;-
GC;5;PDC;DÉMOCRATE-CHRÉTIEN;PARTI DÉMOCRATE-CHRÉTIEN (PDC);Monsieur;DESFAYES;Sébastien;-;-
GC;5;PDC;DÉMOCRATE-CHRÉTIEN;PARTI DÉMOCRATE-CHRÉTIEN (PDC);Monsieur;DULEX;Christophe;-;-
GC;5;PDC;DÉMOCRATE-CHRÉTIEN;PARTI DÉMOCRATE-CHRÉTIEN (PDC);Madame;DUPONT;Thérèse;-;-
GC;5;PDC;DÉMOCRATE-CHRÉTIEN;PARTI DÉMOCRATE-CHRÉTIEN (PDC);Madame;ENGELBERTS;Marie-Thérèse;ENGELBERTS-LEONE;-
GC;5;PDC;DÉMOCRATE-CHRÉTIEN;PARTI DÉMOCRATE-CHRÉTIEN (PDC);Monsieur;FISCHER;Daniel;-;-
GC;5;PDC;DÉMOCRATE-CHRÉTIEN;PARTI DÉMOCRATE-CHRÉTIEN (PDC);Monsieur;FORNI;Jean-Luc;-;-
GC;5;PDC;DÉMOCRATE-CHRÉTIEN;PARTI DÉMOCRATE-CHRÉTIEN (PDC);Monsieur;FOURNIER;Nicolas;-;-
GC;5;PDC;DÉMOCRATE-CHRÉTIEN;PARTI DÉMOCRATE-CHRÉTIEN (PDC);Madame;FRISCHKNECHT;Catherine;-;-
GC;5;PDC;DÉMOCRATE-CHRÉTIEN;PARTI DÉMOCRATE-CHRÉTIEN (PDC);Madame;GACHE;Hélène;-;-
GC;5;PDC;DÉMOCRATE-CHRÉTIEN;PARTI DÉMOCRATE-CHRÉTIEN (PDC);Monsieur;GASHI;Sami;-;-
GC;5;PDC;DÉMOCRATE-CHRÉTIEN;PARTI DÉMOCRATE-CHRÉTIEN (PDC);Monsieur;GIANNASI;Anthony;-;-
GC;5;PDC;DÉMOCRATE-CHRÉTIEN;PARTI DÉMOCRATE-CHRÉTIEN (PDC);Monsieur;GIANNELLI;Mark;-;-
GC;5;PDC;DÉMOCRATE-CHRÉTIEN;PARTI DÉMOCRATE-CHRÉTIEN (PDC);Madame;GIORIA;Gaëlle;-;-
GC;5;PDC;DÉMOCRATE-CHRÉTIEN;PARTI DÉMOCRATE-CHRÉTIEN (PDC);Monsieur;GUINCHARD;Jean-Marc;-;-
GC;5;PDC;DÉMOCRATE-CHRÉTIEN;PARTI DÉMOCRATE-CHRÉTIEN (PDC);Monsieur;DE KALBERMATTEN;Alain;-;-
GC;5;PDC;DÉMOCRATE-CHRÉTIEN;PARTI DÉMOCRATE-CHRÉTIEN (PDC);Madame;KHATTABI HASSAR;Houda;-;-
GC;5;PDC;DÉMOCRATE-CHRÉTIEN;PARTI DÉMOCRATE-CHRÉTIEN (PDC);Madame;KUNZ;Laurence;-;-
GC;5;PDC;DÉMOCRATE-CHRÉTIEN;PARTI DÉMOCRATE-CHRÉTIEN (PDC);Monsieur;LANCE;François;-;-
GC;5;PDC;DÉMOCRATE-CHRÉTIEN;PARTI DÉMOCRATE-CHRÉTIEN (PDC);Monsieur;LATHION;Jean Charles;-;-
GC;5;PDC;DÉMOCRATE-CHRÉTIEN;PARTI DÉMOCRATE-CHRÉTIEN (PDC);Monsieur;LEHNER;Laurent;-;-
GC;5;PDC;DÉMOCRATE-CHRÉTIEN;PARTI DÉMOCRATE-CHRÉTIEN (PDC);Monsieur;LUPO;Paolo;-;-
GC;5;PDC;DÉMOCRATE-CHRÉTIEN;PARTI DÉMOCRATE-CHRÉTIEN (PDC);Monsieur;MAGNIN;Xavier;-;-
GC;5;PDC;DÉMOCRATE-CHRÉTIEN;PARTI DÉMOCRATE-CHRÉTIEN (PDC);Monsieur;MAGNIN;Yves;-;-
GC;5;PDC;DÉMOCRATE-CHRÉTIEN;PARTI DÉMOCRATE-CHRÉTIEN (PDC);Monsieur;MAITRE;Vincent;-;-
GC;5;PDC;DÉMOCRATE-CHRÉTIEN;PARTI DÉMOCRATE-CHRÉTIEN (PDC);Madame;MAKKI;Michela;-;Michèle
GC;5;PDC;DÉMOCRATE-CHRÉTIEN;PARTI DÉMOCRATE-CHRÉTIEN (PDC);Madame;MEISSNER REYFER;Christine;-;Christina
GC;5;PDC;DÉMOCRATE-CHRÉTIEN;PARTI DÉMOCRATE-CHRÉTIEN (PDC);Madame;MERLE;Emmanuelle;-;-
GC;5;PDC;DÉMOCRATE-CHRÉTIEN;PARTI DÉMOCRATE-CHRÉTIEN (PDC);Monsieur;METTAN;Guy;-;-
GC;5;PDC;DÉMOCRATE-CHRÉTIEN;PARTI DÉMOCRATE-CHRÉTIEN (PDC);Monsieur;MEYER DE STADELHOFEN;Philippe;-;-
GC;5;PDC;DÉMOCRATE-CHRÉTIEN;PARTI DÉMOCRATE-CHRÉTIEN (PDC);Monsieur;MONDOUX;Alexandre;-;-
GC;5;PDC;DÉMOCRATE-CHRÉTIEN;PARTI DÉMOCRATE-CHRÉTIEN (PDC);Madame;MORONI;Catherine;-;-
GC;5;PDC;DÉMOCRATE-CHRÉTIEN;PARTI DÉMOCRATE-CHRÉTIEN (PDC);Madame;NEUDER;Isabelle;-;-
GC;5;PDC;DÉMOCRATE-CHRÉTIEN;PARTI DÉMOCRATE-CHRÉTIEN (PDC);Monsieur;OUEDRAOGO;Moustapha;-;-
GC;5;PDC;DÉMOCRATE-CHRÉTIEN;PARTI DÉMOCRATE-CHRÉTIEN (PDC);Monsieur;PERRET;Vincent;-;-
GC;5;PDC;DÉMOCRATE-CHRÉTIEN;PARTI DÉMOCRATE-CHRÉTIEN (PDC);Monsieur;PFEIFFER;Alex;-;-
GC;5;PDC;DÉMOCRATE-CHRÉTIEN;PARTI DÉMOCRATE-CHRÉTIEN (PDC);Monsieur;PROGIN;Christian;-;-
GC;5;PDC;DÉMOCRATE-CHRÉTIEN;PARTI DÉMOCRATE-CHRÉTIEN (PDC);Monsieur;PUTALLAZ;Thomas;-;-
GC;5;PDC;DÉMOCRATE-CHRÉTIEN;PARTI DÉMOCRATE-CHRÉTIEN (PDC);Monsieur;RASOLO;Daniel;-;-
GC;5;PDC;DÉMOCRATE-CHRÉTIEN;PARTI DÉMOCRATE-CHRÉTIEN (PDC);Monsieur;RUCHET;Philippe;-;-
GC;5;PDC;DÉMOCRATE-CHRÉTIEN;PARTI DÉMOCRATE-CHRÉTIEN (PDC);Madame;RYS;Alexandra;-;-
GC;5;PDC;DÉMOCRATE-CHRÉTIEN;PARTI DÉMOCRATE-CHRÉTIEN (PDC);Monsieur;SAUDAN;Guy;-;-
GC;5;PDC;DÉMOCRATE-CHRÉTIEN;PARTI DÉMOCRATE-CHRÉTIEN (PDC);Monsieur;SAYEGH;Souheil;-;-
GC;5;PDC;DÉMOCRATE-CHRÉTIEN;PARTI DÉMOCRATE-CHRÉTIEN (PDC);Monsieur;SCANDURRA;Alessandro;-;-
GC;5;PDC;DÉMOCRATE-CHRÉTIEN;PARTI DÉMOCRATE-CHRÉTIEN (PDC);Monsieur;SCHMIED;Patrick;-;-
GC;5;PDC;DÉMOCRATE-CHRÉTIEN;PARTI DÉMOCRATE-CHRÉTIEN (PDC);Madame;SCHRAG;Sylvianne;-;-
GC;5;PDC;DÉMOCRATE-CHRÉTIEN;PARTI DÉMOCRATE-CHRÉTIEN (PDC);Monsieur;SIMOES;Jose;-;-
GC;5;PDC;DÉMOCRATE-CHRÉTIEN;PARTI DÉMOCRATE-CHRÉTIEN (PDC);Monsieur;SOPI;Dardan;-;-
GC;5;PDC;DÉMOCRATE-CHRÉTIEN;PARTI DÉMOCRATE-CHRÉTIEN (PDC);Monsieur;SQUILLACI;Nicola;-;-
GC;5;PDC;DÉMOCRATE-CHRÉTIEN;PARTI DÉMOCRATE-CHRÉTIEN (PDC);Madame;STEINBERG CANDRIAN;Melinda;-;-
GC;5;PDC;DÉMOCRATE-CHRÉTIEN;PARTI DÉMOCRATE-CHRÉTIEN (PDC);Madame;TOMASSI;Christine;-;-
GC;5;PDC;DÉMOCRATE-CHRÉTIEN;PARTI DÉMOCRATE-CHRÉTIEN (PDC);Monsieur;TREMBLET;Laurent;-;-
GC;5;PDC;DÉMOCRATE-CHRÉTIEN;PARTI DÉMOCRATE-CHRÉTIEN (PDC);Monsieur;UONG;Dinh Manh;-;-
GC;5;PDC;DÉMOCRATE-CHRÉTIEN;PARTI DÉMOCRATE-CHRÉTIEN (PDC);Monsieur;VÖLKI;Robert;-;-
GC;5;PDC;DÉMOCRATE-CHRÉTIEN;PARTI DÉMOCRATE-CHRÉTIEN (PDC);Madame;VUARNOZ;Emanuela;-;Emanuelle
GC;5;PDC;DÉMOCRATE-CHRÉTIEN;PARTI DÉMOCRATE-CHRÉTIEN (PDC);Monsieur;WEHRLI;Patrick;-;-
GC;5;PDC;DÉMOCRATE-CHRÉTIEN;PARTI DÉMOCRATE-CHRÉTIEN (PDC);Monsieur;ZIMMERMANN;Luc;-;-
GC;5;PDC;DÉMOCRATE-CHRÉTIEN;PARTI DÉMOCRATE-CHRÉTIEN (PDC);Monsieur;ZIMMERMANN;Bertrand;-;-
GC;6;UDC;UDC;UDC;Monsieur;NIDEGGER;Yves;-;-
GC;6;UDC;UDC;UDC;Monsieur;BLÄSI;Thomas;-;-
GC;6;UDC;UDC;UDC;Monsieur;FLOREY;Stéphane;-;-
GC;6;UDC;UDC;UDC;Monsieur;LEYVRAZ;Eric;-;-
GC;6;UDC;UDC;UDC;Monsieur;FUHRMANN;Marc;-;-
GC;6;UDC;UDC;UDC;Monsieur;LUSSI;Patrick;-;-
GC;6;UDC;UDC;UDC;Monsieur;IVANOV;Christo;-;-
GC;6;UDC;UDC;UDC;Monsieur;FALQUET;Marc;-;-
GC;6;UDC;UDC;UDC;Monsieur;MAENDLY;Norbert;-;-
GC;6;UDC;UDC;UDC;Monsieur;PFEFFER;André;-;-
GC;6;UDC;UDC;UDC;Monsieur;CATELAIN;Gilbert;-;-
GC;6;UDC;UDC;UDC;Monsieur;HULLIGER;Patrick;-;-
GC;6;UDC;UDC;UDC;Madame;MICHAUD;Eliane;ANSERMET;-
GC;6;UDC;UDC;UDC;Monsieur;SCHERB;Peter;-;Pierre
GC;6;UDC;UDC;UDC;Monsieur;STARK;Riccardo;-;Richard
GC;6;UDC;UDC;UDC;Monsieur;GUINCHARD;Damien;-;-
GC;6;UDC;UDC;UDC;Monsieur;BISOL;Walter;-;-
GC;6;UDC;UDC;UDC;Madame;MASÉ;Zora;-;-
GC;6;UDC;UDC;UDC;Monsieur;VELEN;François;-;-
GC;6;UDC;UDC;UDC;Monsieur;KNÖRR;Stephen;-;-
GC;6;UDC;UDC;UDC;Monsieur;RUBELI;Pascal;-;-
GC;6;UDC;UDC;UDC;Monsieur;LYON;Didier;-;-
GC;6;UDC;UDC;UDC;Monsieur;PERRENOUD;Philippe;-;-
GC;6;UDC;UDC;UDC;Monsieur;DUTRUIT;André;-;-
GC;6;UDC;UDC;UDC;Monsieur;ALTENBACH;Pascal;-;-
GC;6;UDC;UDC;UDC;Monsieur;QUEFFÉLEC;Philippe;-;-
GC;6;UDC;UDC;UDC;Monsieur;LAPORTE;Claude;-;-
GC;6;UDC;UDC;UDC;Madame;CONTI;Virna;-;-
GC;6;UDC;UDC;UDC;Monsieur;PAREL;Loïc;-;-
GC;6;UDC;UDC;UDC;Madame;HEDDI;Leila;-;-
GC;6;UDC;UDC;UDC;Monsieur;GOMES DE ALMEIDA;José;-;Manuel
GC;6;UDC;UDC;UDC;Madame;BERTINAT;Marie-Agnès;-;-
GC;6;UDC;UDC;UDC;Monsieur;MOUNLA;Alexandre;-;-
GC;6;UDC;UDC;UDC;Monsieur;DOURNOW;David;-;-
GC;6;UDC;UDC;UDC;Monsieur;CHAUSSIVERT;Patrice;-;-
GC;6;UDC;UDC;UDC;Madame;KNOLL;Tatiana;-;-
GC;6;UDC;UDC;UDC;Monsieur;RIME;Alexandre;-;-
GC;6;UDC;UDC;UDC;Madame;DESYATKINA DZODZIEV;Viktoriya;-;-
GC;6;UDC;UDC;UDC;Monsieur;THOMAS;Sébastien;-;-
GC;6;UDC;UDC;UDC;Monsieur;ROMANENS;Mathieu;-;-
GC;6;UDC;UDC;UDC;Madame;SCHWEIZER;Adriana;-;-
GC;6;UDC;UDC;UDC;Madame;KHACHATRYAN;Gohar;-;-
GC;6;UDC;UDC;UDC;Monsieur;PRANDO;Stéphane;-;-
GC;6;UDC;UDC;UDC;Madame;BORER;Maria Da Conceicao;-;-
GC;6;UDC;UDC;UDC;Monsieur;AKABA;El Mostafa;-;-
GC;6;UDC;UDC;UDC;Madame;LÉGUILLON;Angèle;-;-
GC;6;UDC;UDC;UDC;Madame;BONTOUX;Caroline;-;-
GC;7;FEM;LALISTE-FEMMES 2018;LALISTE - FEMMES 2018 AU GRAND CONSEIL;Madame;HONEGGER HELLER;Manuela;-;-
GC;7;FEM;LALISTE-FEMMES 2018;LALISTE - FEMMES 2018 AU GRAND CONSEIL;Madame;OCHARAN ROBLES RAPAZ;Eva;OCHARAN ROBLES;-
GC;7;FEM;LALISTE-FEMMES 2018;LALISTE - FEMMES 2018 AU GRAND CONSEIL;Madame;DA CRUZ PEDRO;Anna;DA CRUZ PERRET-GENTIL;-
GC;7;FEM;LALISTE-FEMMES 2018;LALISTE - FEMMES 2018 AU GRAND CONSEIL;Madame;BORCARD;Anne;-;-
GC;7;FEM;LALISTE-FEMMES 2018;LALISTE - FEMMES 2018 AU GRAND CONSEIL;Madame;MÜLLER;Fabienne;ABRAMOVICH;-
GC;7;FEM;LALISTE-FEMMES 2018;LALISTE - FEMMES 2018 AU GRAND CONSEIL;Madame;YOL;Diana;-;-
GC;7;FEM;LALISTE-FEMMES 2018;LALISTE - FEMMES 2018 AU GRAND CONSEIL;Madame;RANDEGGER;Alice;-;-
GC;7;FEM;LALISTE-FEMMES 2018;LALISTE - FEMMES 2018 AU GRAND CONSEIL;Madame;DEPRAETERE;Graciela;DEPRAETERE-MANULIS;-
GC;7;FEM;LALISTE-FEMMES 2018;LALISTE - FEMMES 2018 AU GRAND CONSEIL;Madame;OZDEMIR;Elcim;ÖZDEMIR;Elçim
GC;7;FEM;LALISTE-FEMMES 2018;LALISTE - FEMMES 2018 AU GRAND CONSEIL;Madame;RICCIARDI WERLEN;Jacqueline;-;-
GC;7;FEM;LALISTE-FEMMES 2018;LALISTE - FEMMES 2018 AU GRAND CONSEIL;Madame;ROSSIER FAHRION;Cerise;-;-
GC;7;FEM;LALISTE-FEMMES 2018;LALISTE - FEMMES 2018 AU GRAND CONSEIL;Madame;BOSELLI GAUTHEY;Monica;-;-
GC;7;FEM;LALISTE-FEMMES 2018;LALISTE - FEMMES 2018 AU GRAND CONSEIL;Madame;LAVRADOR DIAS;Claudia;DIAS;-
GC;7;FEM;LALISTE-FEMMES 2018;LALISTE - FEMMES 2018 AU GRAND CONSEIL;Madame;JAUCH;Caroline;-;-
GC;7;FEM;LALISTE-FEMMES 2018;LALISTE - FEMMES 2018 AU GRAND CONSEIL;Madame;GRANGE;Marie-Florence;-;-
GC;7;FEM;LALISTE-FEMMES 2018;LALISTE - FEMMES 2018 AU GRAND CONSEIL;Madame;MAZZONI;Nikita;-;-
GC;7;FEM;LALISTE-FEMMES 2018;LALISTE - FEMMES 2018 AU GRAND CONSEIL;Madame;LANGER;Valérie;-;-
GC;7;FEM;LALISTE-FEMMES 2018;LALISTE - FEMMES 2018 AU GRAND CONSEIL;Madame;MAYORAL EDO;Corinne;MAYORAL;-
GC;7;FEM;LALISTE-FEMMES 2018;LALISTE - FEMMES 2018 AU GRAND CONSEIL;Madame;THOMIAS LEDUC;Diana;-;-
GC;8;LPG;LA LISTE POUR GENÈVE;LA LISTE POUR GENÈVE;Madame;ORSINI;Magali;-;-
GC;8;LPG;LA LISTE POUR GENÈVE;LA LISTE POUR GENÈVE;Monsieur;GAUTHIER;Pierre;-;-
GC;8;LPG;LA LISTE POUR GENÈVE;LA LISTE POUR GENÈVE;Madame;ARMAND;Catherine;-;-
GC;8;LPG;LA LISTE POUR GENÈVE;LA LISTE POUR GENÈVE;Monsieur;GUEX;Stéphane;-;dit Guex-Pierre
GC;8;LPG;LA LISTE POUR GENÈVE;LA LISTE POUR GENÈVE;Madame;HUMBERSET;Corinne;-;-
GC;8;LPG;LA LISTE POUR GENÈVE;LA LISTE POUR GENÈVE;Monsieur;RUCKTERSTUHL;Jean-Claude;-;-
GC;8;LPG;LA LISTE POUR GENÈVE;LA LISTE POUR GENÈVE;Madame;LONGO;Katrin;-;-
GC;8;LPG;LA LISTE POUR GENÈVE;LA LISTE POUR GENÈVE;Monsieur;GIROD;Nicolas;-;-
GC;8;LPG;LA LISTE POUR GENÈVE;LA LISTE POUR GENÈVE;Madame;KÜDERLI BERKANE;Nicole;-;-
GC;8;LPG;LA LISTE POUR GENÈVE;LA LISTE POUR GENÈVE;Monsieur;FLAKS;Joël;-;-
GC;8;LPG;LA LISTE POUR GENÈVE;LA LISTE POUR GENÈVE;Madame;PERRIN;Brigitte;-;-
GC;8;LPG;LA LISTE POUR GENÈVE;LA LISTE POUR GENÈVE;Monsieur;GOUDAL;Renaud;-;-
GC;8;LPG;LA LISTE POUR GENÈVE;LA LISTE POUR GENÈVE;Madame;MEYNET;Danielle;-;-
GC;8;LPG;LA LISTE POUR GENÈVE;LA LISTE POUR GENÈVE;Monsieur;MEYNET;Leon;-;-
GC;8;LPG;LA LISTE POUR GENÈVE;LA LISTE POUR GENÈVE;Monsieur;TURNOWSKY;Serge;-;-
GC;8;LPG;LA LISTE POUR GENÈVE;LA LISTE POUR GENÈVE;Monsieur;ZIMMERMANN;Olivier;-;-
GC;8;LPG;LA LISTE POUR GENÈVE;LA LISTE POUR GENÈVE;Monsieur;CHATELAIN;Dimitri;-;-
GC;9;GEMA;GENÈVE EN MARCHE;GENÈVE EN MARCHE;Monsieur;STAUFFER;Eric;-;-
GC;9;GEMA;GENÈVE EN MARCHE;GENÈVE EN MARCHE;Monsieur;ZACHARIAS;Ronald;-;-
GC;9;GEMA;GENÈVE EN MARCHE;GENÈVE EN MARCHE;Monsieur;SARAIVA MEDEIROS;Carlos;-;-
GC;9;GEMA;GENÈVE EN MARCHE;GENÈVE EN MARCHE;Monsieur;SPÜHLER;Pascal;-;-
GC;9;GEMA;GENÈVE EN MARCHE;GENÈVE EN MARCHE;Monsieur;GAETANINO;Marco;-;-
GC;9;GEMA;GENÈVE EN MARCHE;GENÈVE EN MARCHE;Madame;LE JEUNE GIACOBBI;Cristina;-;-
GC;9;GEMA;GENÈVE EN MARCHE;GENÈVE EN MARCHE;Monsieur;WALTHER;Thierry;-;-
GC;9;GEMA;GENÈVE EN MARCHE;GENÈVE EN MARCHE;Madame;HÜSSY COPPEX;Viviana Ximena Anghela;-;-
GC;9;GEMA;GENÈVE EN MARCHE;GENÈVE EN MARCHE;Madame;LOEILLET-ROUZIER;Anne;-;Marie
GC;9;GEMA;GENÈVE EN MARCHE;GENÈVE EN MARCHE;Monsieur;FUSCO;Gerardo;-;-
GC;9;GEMA;GENÈVE EN MARCHE;GENÈVE EN MARCHE;Monsieur;GAMBERONI;Dominique;-;-
GC;9;GEMA;GENÈVE EN MARCHE;GENÈVE EN MARCHE;Monsieur;NOBS;Cyril;-;-
GC;9;GEMA;GENÈVE EN MARCHE;GENÈVE EN MARCHE;Monsieur;NOËL;Daniel;-;-
GC;9;GEMA;GENÈVE EN MARCHE;GENÈVE EN MARCHE;Monsieur;SANTI;Michel;-;-
GC;9;GEMA;GENÈVE EN MARCHE;GENÈVE EN MARCHE;Monsieur;PICOT;Jérôme;-;-
GC;9;GEMA;GENÈVE EN MARCHE;GENÈVE EN MARCHE;Monsieur;RUCHONNET;Jean-François;-;-
GC;9;GEMA;GENÈVE EN MARCHE;GENÈVE EN MARCHE;Monsieur;GALETTO;Frédéric;-;-
GC;9;GEMA;GENÈVE EN MARCHE;GENÈVE EN MARCHE;Madame;BECK;Victoria;-;-
GC;9;GEMA;GENÈVE EN MARCHE;GENÈVE EN MARCHE;Monsieur;ANTOINE;Jean-Marc;-;-
GC;9;GEMA;GENÈVE EN MARCHE;GENÈVE EN MARCHE;Madame;RIME;Fatma;-;Fatima
GC;9;GEMA;GENÈVE EN MARCHE;GENÈVE EN MARCHE;Monsieur;L'HUILLIER;Eric;-;-
GC;9;GEMA;GENÈVE EN MARCHE;GENÈVE EN MARCHE;Monsieur;PARANÁ JÚNIOR;Valério;-;-
GC;9;GEMA;GENÈVE EN MARCHE;GENÈVE EN MARCHE;Madame;LOTA;Raphaëlle;-;-
GC;9;GEMA;GENÈVE EN MARCHE;GENÈVE EN MARCHE;Madame;THOMSEN;Elena;MILAKOVA;-
GC;9;GEMA;GENÈVE EN MARCHE;GENÈVE EN MARCHE;Monsieur;BALLESTEROS;Stefan;-;-
GC;9;GEMA;GENÈVE EN MARCHE;GENÈVE EN MARCHE;Monsieur;FABRE;Jean;-;-
GC;9;GEMA;GENÈVE EN MARCHE;GENÈVE EN MARCHE;Monsieur;NGUYEN;Van Minh;-;-
GC;9;GEMA;GENÈVE EN MARCHE;GENÈVE EN MARCHE;Monsieur;MARTEL;Frédéric;-;-
GC;9;GEMA;GENÈVE EN MARCHE;GENÈVE EN MARCHE;Madame;FREY;Priscilla;-;-
GC;9;GEMA;GENÈVE EN MARCHE;GENÈVE EN MARCHE;Monsieur;BRKIC;Vitomir;-;-
GC;9;GEMA;GENÈVE EN MARCHE;GENÈVE EN MARCHE;Monsieur;LEVY;Yossef;-;Hai
GC;9;GEMA;GENÈVE EN MARCHE;GENÈVE EN MARCHE;Madame;BISSOLI;Marion;LE BACQUER;-
GC;9;GEMA;GENÈVE EN MARCHE;GENÈVE EN MARCHE;Monsieur;COHEN;Olivier;-;-
GC;9;GEMA;GENÈVE EN MARCHE;GENÈVE EN MARCHE;Monsieur;BRUGUIER;Michel;-;-
GC;9;GEMA;GENÈVE EN MARCHE;GENÈVE EN MARCHE;Monsieur;SOLTEIRO;Jorge;-;-
GC;9;GEMA;GENÈVE EN MARCHE;GENÈVE EN MARCHE;Monsieur;HALIMI;Arsim;-;-
GC;9;GEMA;GENÈVE EN MARCHE;GENÈVE EN MARCHE;Monsieur;BERLEMONT;Alain;-;-
GC;9;GEMA;GENÈVE EN MARCHE;GENÈVE EN MARCHE;Monsieur;GARGANTINI;Yves;-;-
GC;9;GEMA;GENÈVE EN MARCHE;GENÈVE EN MARCHE;Madame;MAIGRE;Maria Inès;-;-
GC;9;GEMA;GENÈVE EN MARCHE;GENÈVE EN MARCHE;Monsieur;FARINHA;Horacio;-;-
GC;10;PBD;PBD GENÈVE;PBD GENÈVE / LE JUSTE MILIEU;Monsieur;VIDONNE;Thierry;-;-
GC;10;PBD;PBD GENÈVE;PBD GENÈVE / LE JUSTE MILIEU;Monsieur;LEITNER;André;-;-
GC;10;PBD;PBD GENÈVE;PBD GENÈVE / LE JUSTE MILIEU;Monsieur;DELACQUIS;Cédric;-;-
GC;10;PBD;PBD GENÈVE;PBD GENÈVE / LE JUSTE MILIEU;Madame;ZAGATO;Sophie;-;-
GC;10;PBD;PBD GENÈVE;PBD GENÈVE / LE JUSTE MILIEU;Madame;VIDONNE;Valérie;-;-
GC;10;PBD;PBD GENÈVE;PBD GENÈVE / LE JUSTE MILIEU;Monsieur;FERRAND;Guy;-;-
GC;10;PBD;PBD GENÈVE;PBD GENÈVE / LE JUSTE MILIEU;Monsieur;KUNZI;Nicolas;-;-
GC;10;PBD;PBD GENÈVE;PBD GENÈVE / LE JUSTE MILIEU;Monsieur;KUGEL;Mark;-;-
GC;10;PBD;PBD GENÈVE;PBD GENÈVE / LE JUSTE MILIEU;Monsieur;THURNHERR;Laurent;-;-
GC;10;PBD;PBD GENÈVE;PBD GENÈVE / LE JUSTE MILIEU;Monsieur;VIDONNE;David;-;-
GC;10;PBD;PBD GENÈVE;PBD GENÈVE / LE JUSTE MILIEU;Monsieur;BEUREUX;Silvain;-;-
GC;10;PBD;PBD GENÈVE;PBD GENÈVE / LE JUSTE MILIEU;Monsieur;KUNZI;Philippe;-;-
GC;10;PBD;PBD GENÈVE;PBD GENÈVE / LE JUSTE MILIEU;Madame;FADER;Annette;-;Yasuka
GC;10;PBD;PBD GENÈVE;PBD GENÈVE / LE JUSTE MILIEU;Monsieur;THURNHERR;Sylvain;-;-
GC;10;PBD;PBD GENÈVE;PBD GENÈVE / LE JUSTE MILIEU;Monsieur;BEUREUX;Johan;-;-
GC;11;MCG;MCG;MCG - MOUVEMENT CITOYENS GENEVOIS;Monsieur;POGGIA;Mauro;-;-
GC;11;MCG;MCG;MCG - MOUVEMENT CITOYENS GENEVOIS;Monsieur;GOLAY;Roger;-;-
GC;11;MCG;MCG;MCG - MOUVEMENT CITOYENS GENEVOIS;Madame;ROCH;Ana Belen;-;-
GC;11;MCG;MCG;MCG - MOUVEMENT CITOYENS GENEVOIS;Monsieur;SORMANNI;Daniel;-;-
GC;11;MCG;MCG;MCG - MOUVEMENT CITOYENS GENEVOIS;Monsieur;CERUTTI;Thierry;-;-
GC;11;MCG;MCG;MCG - MOUVEMENT CITOYENS GENEVOIS;Monsieur;VOUMARD;Jean Marie;-;-
GC;11;MCG;MCG;MCG - MOUVEMENT CITOYENS GENEVOIS;Madame;LE JONCOUR-BRÜLHART;Céline;-;-
GC;11;MCG;MCG;MCG - MOUVEMENT CITOYENS GENEVOIS;Monsieur;BÄRTSCHI;François;-;-
GC;11;MCG;MCG;MCG - MOUVEMENT CITOYENS GENEVOIS;Monsieur;PISTIS;Sandro;-;-
GC;11;MCG;MCG;MCG - MOUVEMENT CITOYENS GENEVOIS;Monsieur;DEROUETTE;Jean-Paul;-;-
GC;11;MCG;MCG;MCG - MOUVEMENT CITOYENS GENEVOIS;Madame;MAGNIN;Danièle;-;-
GC;11;MCG;MCG;MCG - MOUVEMENT CITOYENS GENEVOIS;Monsieur;VALENTIN;Francisco;-;-
GC;11;MCG;MCG;MCG - MOUVEMENT CITOYENS GENEVOIS;Madame;SAPIN;Françoise;-;-
GC;11;MCG;MCG;MCG - MOUVEMENT CITOYENS GENEVOIS;Monsieur;FLURY;Christian;-;-
GC;11;MCG;MCG;MCG - MOUVEMENT CITOYENS GENEVOIS;Madame;GOLAY;Sandra;-;-
GC;11;MCG;MCG;MCG - MOUVEMENT CITOYENS GENEVOIS;Monsieur;PYTHON;André;-;-
GC;11;MCG;MCG;MCG - MOUVEMENT CITOYENS GENEVOIS;Monsieur;RAPPAZ;Henry;-;-
GC;11;MCG;MCG;MCG - MOUVEMENT CITOYENS GENEVOIS;Monsieur;GANDER;Florian;-;-
GC;11;MCG;MCG;MCG - MOUVEMENT CITOYENS GENEVOIS;Monsieur;DECORVET;Christian;-;-
GC;11;MCG;MCG;MCG - MOUVEMENT CITOYENS GENEVOIS;Madame;SONDEREGGER;Gabriela;-;-
GC;11;MCG;MCG;MCG - MOUVEMENT CITOYENS GENEVOIS;Monsieur;DIMIER;Patrick;-;-
GC;11;MCG;MCG;MCG - MOUVEMENT CITOYENS GENEVOIS;Monsieur;FONTAINE-VIVE-CURTAZ;Jean;-;-
GC;11;MCG;MCG;MCG - MOUVEMENT CITOYENS GENEVOIS;Madame;SAAS;Alexandra;-;-
GC;11;MCG;MCG;MCG - MOUVEMENT CITOYENS GENEVOIS;Monsieur;ZOGG;Thomas;-;-
GC;11;MCG;MCG;MCG - MOUVEMENT CITOYENS GENEVOIS;Madame;PASCARELLA;Louise;-;-
GC;11;MCG;MCG;MCG - MOUVEMENT CITOYENS GENEVOIS;Monsieur;FEKKAK;Hatem;-;-
GC;11;MCG;MCG;MCG - MOUVEMENT CITOYENS GENEVOIS;Monsieur;ANGELO;Antonio;-;-
GC;11;MCG;MCG;MCG - MOUVEMENT CITOYENS GENEVOIS;Monsieur;CATTIN;Jean-Pascal;-;-
GC;11;MCG;MCG;MCG - MOUVEMENT CITOYENS GENEVOIS;Monsieur;BARYEKA;Jarek;-;-
GC;11;MCG;MCG;MCG - MOUVEMENT CITOYENS GENEVOIS;Monsieur;REICHENBACH;Kevin;-;-
GC;11;MCG;MCG;MCG - MOUVEMENT CITOYENS GENEVOIS;Monsieur;CHAPOU;Frédéric;-;-
GC;11;MCG;MCG;MCG - MOUVEMENT CITOYENS GENEVOIS;Monsieur;MADANI;Amar;-;-
GC;11;MCG;MCG;MCG - MOUVEMENT CITOYENS GENEVOIS;Monsieur;LEISI;Laurent;-;-
GC;11;MCG;MCG;MCG - MOUVEMENT CITOYENS GENEVOIS;Monsieur;OUDIN;Rémy;-;-
GC;11;MCG;MCG;MCG - MOUVEMENT CITOYENS GENEVOIS;Monsieur;VILLETTE;Jean;-;-
GC;11;MCG;MCG;MCG - MOUVEMENT CITOYENS GENEVOIS;Monsieur;AMBROSIO;François;-;-
GC;11;MCG;MCG;MCG - MOUVEMENT CITOYENS GENEVOIS;Monsieur;TEIXEIRA;Albano;-;-
GC;11;MCG;MCG;MCG - MOUVEMENT CITOYENS GENEVOIS;Monsieur;FRAUCHIGER;Roger;-;-
GC;11;MCG;MCG;MCG - MOUVEMENT CITOYENS GENEVOIS;Monsieur;DELLAGIOVANNA;Daniel;-;-
GC;11;MCG;MCG;MCG - MOUVEMENT CITOYENS GENEVOIS;Monsieur;ROULIN;Claude;-;-
GC;11;MCG;MCG;MCG - MOUVEMENT CITOYENS GENEVOIS;Monsieur;COUTO;Armando;-;-
GC;11;MCG;MCG;MCG - MOUVEMENT CITOYENS GENEVOIS;Monsieur;NIETO;Alexandre;-;-
GC;11;MCG;MCG;MCG - MOUVEMENT CITOYENS GENEVOIS;Madame;CHAOUI;Laïla;-;-
GC;11;MCG;MCG;MCG - MOUVEMENT CITOYENS GENEVOIS;Monsieur;SOTOMAYOR;André;-;-
GC;11;MCG;MCG;MCG - MOUVEMENT CITOYENS GENEVOIS;Monsieur;DO REGO;Ricardo;-;-
GC;11;MCG;MCG;MCG - MOUVEMENT CITOYENS GENEVOIS;Madame;VENDRELL;Marie;-;-
GC;11;MCG;MCG;MCG - MOUVEMENT CITOYENS GENEVOIS;Madame;MÉNÉTREY;Yasmine;-;-
GC;11;MCG;MCG;MCG - MOUVEMENT CITOYENS GENEVOIS;Monsieur;ANGELOZ;Claude;-;-
GC;11;MCG;MCG;MCG - MOUVEMENT CITOYENS GENEVOIS;Monsieur;LAURENT;Pierre-Alain;-;-
GC;11;MCG;MCG;MCG - MOUVEMENT CITOYENS GENEVOIS;Monsieur;JAHIJA;Burim;-;-
GC;11;MCG;MCG;MCG - MOUVEMENT CITOYENS GENEVOIS;Monsieur;DI SALVO;Giuseppe;-;-
GC;11;MCG;MCG;MCG - MOUVEMENT CITOYENS GENEVOIS;Monsieur;HEIMO;Philippe;-;-
GC;11;MCG;MCG;MCG - MOUVEMENT CITOYENS GENEVOIS;Monsieur;CHAPPAZ;Marc;-;-
GC;11;MCG;MCG;MCG - MOUVEMENT CITOYENS GENEVOIS;Monsieur;BARRY;Minkailou;-;-
GC;11;MCG;MCG;MCG - MOUVEMENT CITOYENS GENEVOIS;Madame;CATALAN;Joëlle;-;-
GC;11;MCG;MCG;MCG - MOUVEMENT CITOYENS GENEVOIS;Monsieur;REOLON;Bruno;-;-
GC;11;MCG;MCG;MCG - MOUVEMENT CITOYENS GENEVOIS;Monsieur;ALBANESI;Jean-François;-;-
GC;11;MCG;MCG;MCG - MOUVEMENT CITOYENS GENEVOIS;Monsieur;KLINGELE;Olivier;-;-
GC;11;MCG;MCG;MCG - MOUVEMENT CITOYENS GENEVOIS;Madame;BENCKER;Jeanne;-;-
GC;11;MCG;MCG;MCG - MOUVEMENT CITOYENS GENEVOIS;Monsieur;MARGUET;Tex;-;-
GC;11;MCG;MCG;MCG - MOUVEMENT CITOYENS GENEVOIS;Madame;DELMENICO;Janine;-;-
GC;11;MCG;MCG;MCG - MOUVEMENT CITOYENS GENEVOIS;Madame;SHLYAPINA;Elena;-;-
GC;11;MCG;MCG;MCG - MOUVEMENT CITOYENS GENEVOIS;Monsieur;MUDRY;Yves;-;-
GC;11;MCG;MCG;MCG - MOUVEMENT CITOYENS GENEVOIS;Monsieur;GOSTOLI;Gérard;-;-
GC;11;MCG;MCG;MCG - MOUVEMENT CITOYENS GENEVOIS;Madame;YAU;Helen;-;-
GC;11;MCG;MCG;MCG - MOUVEMENT CITOYENS GENEVOIS;Monsieur;INNOCENTI;Flavio;-;-
GC;11;MCG;MCG;MCG - MOUVEMENT CITOYENS GENEVOIS;Madame;COVER;Sabina;-;-
GC;11;MCG;MCG;MCG - MOUVEMENT CITOYENS GENEVOIS;Monsieur;AMBORD;Cédric;-;Sandro
GC;11;MCG;MCG;MCG - MOUVEMENT CITOYENS GENEVOIS;Monsieur;GARCIA;Javier;-;-
GC;11;MCG;MCG;MCG - MOUVEMENT CITOYENS GENEVOIS;Madame;BELCASTRO DE LUCA;Nathalie;-;-
GC;11;MCG;MCG;MCG - MOUVEMENT CITOYENS GENEVOIS;Monsieur;ZBINDEN;Jean-Luc;-;-
GC;11;MCG;MCG;MCG - MOUVEMENT CITOYENS GENEVOIS;Monsieur;AHDAB;Ahmad;-;Chawki
GC;11;MCG;MCG;MCG - MOUVEMENT CITOYENS GENEVOIS;Madame;BAIUNCO;Aurora;-;-
GC;11;MCG;MCG;MCG - MOUVEMENT CITOYENS GENEVOIS;Monsieur;OLIVEIRA;Rui;-;-
GC;11;MCG;MCG;MCG - MOUVEMENT CITOYENS GENEVOIS;Monsieur;PASTORE;Daniel;-;Dany
GC;11;MCG;MCG;MCG - MOUVEMENT CITOYENS GENEVOIS;Madame;DRASKOVIC;Rada;-;-
GC;11;MCG;MCG;MCG - MOUVEMENT CITOYENS GENEVOIS;Monsieur;HAYMOZ;William;-;-
GC;11;MCG;MCG;MCG - MOUVEMENT CITOYENS GENEVOIS;Madame;BESSE;Muriel;-;-
GC;11;MCG;MCG;MCG - MOUVEMENT CITOYENS GENEVOIS;Madame;NAINE;Marie-Josée;-;-
GC;11;MCG;MCG;MCG - MOUVEMENT CITOYENS GENEVOIS;Monsieur;GHARBI;Mohamed;-;-
GC;11;MCG;MCG;MCG - MOUVEMENT CITOYENS GENEVOIS;Madame;LOOSLI;Bertille;-;Clarence
GC;11;MCG;MCG;MCG - MOUVEMENT CITOYENS GENEVOIS;Madame;EMONET;Sarah;-;-
GC;11;MCG;MCG;MCG - MOUVEMENT CITOYENS GENEVOIS;Monsieur;MÜLLER;Olivier;-;-
GC;11;MCG;MCG;MCG - MOUVEMENT CITOYENS GENEVOIS;Monsieur;LODDO;Olivier;HENRIOUD;-
GC;11;MCG;MCG;MCG - MOUVEMENT CITOYENS GENEVOIS;Monsieur;BEN CHAABANE;Salah;-;-
GC;11;MCG;MCG;MCG - MOUVEMENT CITOYENS GENEVOIS;Monsieur;DE OLIVEIRA NUNES;Vitor;-;-
GC;11;MCG;MCG;MCG - MOUVEMENT CITOYENS GENEVOIS;Monsieur;MARTIGNONI;Alain;-;-
GC;11;MCG;MCG;MCG - MOUVEMENT CITOYENS GENEVOIS;Monsieur;MARÉCHAL;Christophe;-;-
GC;11;MCG;MCG;MCG - MOUVEMENT CITOYENS GENEVOIS;Monsieur;SPAGNOLO;Salvatore;-;-
GC;11;MCG;MCG;MCG - MOUVEMENT CITOYENS GENEVOIS;Madame;PIERRE TOUSSAINT;Sircee;-;-
GC;11;MCG;MCG;MCG - MOUVEMENT CITOYENS GENEVOIS;Monsieur;STEINER;Christian;-;-
GC;11;MCG;MCG;MCG - MOUVEMENT CITOYENS GENEVOIS;Madame;BEUN;Christine;-;Kristine
GC;11;MCG;MCG;MCG - MOUVEMENT CITOYENS GENEVOIS;Madame;BISSAT;Rose;-;Marie Angeline
GC;11;MCG;MCG;MCG - MOUVEMENT CITOYENS GENEVOIS;Madame;GUISY;Milène;-;-
GC;11;MCG;MCG;MCG - MOUVEMENT CITOYENS GENEVOIS;Monsieur;MARTIN;Emmanuel;-;-
GC;11;MCG;MCG;MCG - MOUVEMENT CITOYENS GENEVOIS;Monsieur;DUSSAN;Julien;-;-
GC;11;MCG;MCG;MCG - MOUVEMENT CITOYENS GENEVOIS;Monsieur;BONVIN;Philippe;-;-
GC;11;MCG;MCG;MCG - MOUVEMENT CITOYENS GENEVOIS;Monsieur;SAUSER;Nicolas;-;-
GC;11;MCG;MCG;MCG - MOUVEMENT CITOYENS GENEVOIS;Monsieur;RYSER;Alain;-;-
GC;11;MCG;MCG;MCG - MOUVEMENT CITOYENS GENEVOIS;Monsieur;MONNEY;Armand;-;-
GC;12;VERL;VERT'LIBÉRAUX;VERT'LIBÉRAUX;Monsieur;PEYRAUD;Alexandre;-;-
GC;12;VERL;VERT'LIBÉRAUX;VERT'LIBÉRAUX;Madame;HÄUSERMANN;Elisabeth;-;-
GC;12;VERL;VERT'LIBÉRAUX;VERT'LIBÉRAUX;Madame;GAUTROT;Maria Magdalena;-;Marielena
GC;12;VERL;VERT'LIBÉRAUX;VERT'LIBÉRAUX;Monsieur;FONTANA;Jérôme;-;-
GC;12;VERL;VERT'LIBÉRAUX;VERT'LIBÉRAUX;Monsieur;PIGUET;Frédéric;-;Paul
GC;12;VERL;VERT'LIBÉRAUX;VERT'LIBÉRAUX;Monsieur;WUARIN;Marc;-;-
GC;12;VERL;VERT'LIBÉRAUX;VERT'LIBÉRAUX;Madame;SAMIM FIROUZSALARI;Atefeh;-;-
GC;12;VERL;VERT'LIBÉRAUX;VERT'LIBÉRAUX;Monsieur;BUSTAMANTE HERNANDEZ;Eric;-;-
GC;12;VERL;VERT'LIBÉRAUX;VERT'LIBÉRAUX;Monsieur;HAMOIR;Fursy;-;-
GC;12;VERL;VERT'LIBÉRAUX;VERT'LIBÉRAUX;Monsieur;PREISIG;Robert;-;-
GC;12;VERL;VERT'LIBÉRAUX;VERT'LIBÉRAUX;Monsieur;JEANMONOD;Christian;-;-
GC;12;VERL;VERT'LIBÉRAUX;VERT'LIBÉRAUX;Monsieur;MEYLAN;Jean Michel;-;-
GC;12;VERL;VERT'LIBÉRAUX;VERT'LIBÉRAUX;Monsieur;CORI;Claudio;-;-
GC;12;VERL;VERT'LIBÉRAUX;VERT'LIBÉRAUX;Monsieur;WITTWER;Christoph;-;-
GC;12;VERL;VERT'LIBÉRAUX;VERT'LIBÉRAUX;Monsieur;BESOMI;Alessandro;-;Alex
GC;12;VERL;VERT'LIBÉRAUX;VERT'LIBÉRAUX;Monsieur;RITTER;Sven;-;-
GC;13;LEE;ÉGALITÉ ET ÉQUITÉ;LISTE ÉGALITÉ ET ÉQUITÉ;Madame;DUVNJAK;Sanja;-;-
GC;13;LEE;ÉGALITÉ ET ÉQUITÉ;LISTE ÉGALITÉ ET ÉQUITÉ;Madame;FRAMMERY;Chloe;-;-
GC;13;LEE;ÉGALITÉ ET ÉQUITÉ;LISTE ÉGALITÉ ET ÉQUITÉ;Madame;FOUDA AMOUGOU;Charlotte;-;-
GC;13;LEE;ÉGALITÉ ET ÉQUITÉ;LISTE ÉGALITÉ ET ÉQUITÉ;Monsieur;SCHELLER;Gérard;-;-
GC;13;LEE;ÉGALITÉ ET ÉQUITÉ;LISTE ÉGALITÉ ET ÉQUITÉ;Monsieur;ROSSELLAT;Blaise;-;-
GC;13;LEE;ÉGALITÉ ET ÉQUITÉ;LISTE ÉGALITÉ ET ÉQUITÉ;Monsieur;DACHROUNE;Samir;-;-
GC;13;LEE;ÉGALITÉ ET ÉQUITÉ;LISTE ÉGALITÉ ET ÉQUITÉ;Monsieur;BULT;Christoph;-;-
GC;13;LEE;ÉGALITÉ ET ÉQUITÉ;LISTE ÉGALITÉ ET ÉQUITÉ;Madame;MONSHENGWO;Jessica;-;-
GC;13;LEE;ÉGALITÉ ET ÉQUITÉ;LISTE ÉGALITÉ ET ÉQUITÉ;Monsieur;LOPEZ;Julien;-;-
GC;13;LEE;ÉGALITÉ ET ÉQUITÉ;LISTE ÉGALITÉ ET ÉQUITÉ;Madame;FRAUDEAU;Delphine;-;-
GC;13;LEE;ÉGALITÉ ET ÉQUITÉ;LISTE ÉGALITÉ ET ÉQUITÉ;Madame;ABESSE;Hayet;-;-
GC;13;LEE;ÉGALITÉ ET ÉQUITÉ;LISTE ÉGALITÉ ET ÉQUITÉ;Madame;GOLAY;Séverine;-;-
GC;13;LEE;ÉGALITÉ ET ÉQUITÉ;LISTE ÉGALITÉ ET ÉQUITÉ;Monsieur;JORDAN;Claude;-;-
GC;13;LEE;ÉGALITÉ ET ÉQUITÉ;LISTE ÉGALITÉ ET ÉQUITÉ;Madame;REGAMEY;Murielle;-;-
GC;13;LEE;ÉGALITÉ ET ÉQUITÉ;LISTE ÉGALITÉ ET ÉQUITÉ;Monsieur;SCHUCANI;Grégoire;-;-
CE;1;SOC;LES SOCIALISTES;LES SOCIALISTES;Madame;EMERY-TORRACINTA;Anne;-;-
CE;1;SOC;LES SOCIALISTES;LES SOCIALISTES;Monsieur;APOTHÉLOZ;Thierry;-;-
CE;1;SOC;LES SOCIALISTES;LES SOCIALISTES;Madame;SALERNO;Sandrine;-;-
CE;2;VERT;LES VERTS;LES VERTS;Monsieur;HODGERS;Antonio;-;-
CE;2;VERT;LES VERTS;LES VERTS;Madame;DE CHASTONAY;Marjorie;-;-
CE;2;VERT;LES VERTS;LES VERTS;Monsieur;ROCHAT;Yvan;-;-
CE;3;EAG;ENSEMBLE À GAUCHE;ENSEMBLE À GAUCHE;Madame;HALLER;Jocelyne;-;-
CE;3;EAG;ENSEMBLE À GAUCHE;ENSEMBLE À GAUCHE;Madame;WENGER;Saliha;-;Salika
CE;3;EAG;ENSEMBLE À GAUCHE;ENSEMBLE À GAUCHE;Monsieur;BURGERMEISTER;Jean;-;-
CE;4;MCG;MCG;MCG - MOUVEMENT CITOYENS GENEVOIS;Monsieur;POGGIA;Mauro;-;-
CE;4;MCG;MCG;MCG - MOUVEMENT CITOYENS GENEVOIS;Madame;ROCH;Ana Belen;-;-
CE;4;MCG;MCG;MCG - MOUVEMENT CITOYENS GENEVOIS;Monsieur;SORMANNI;Daniel;-;-
CE;5;ENT;PLR - PDC - ENTENTE;PLR - PDC - ENTENTE;Monsieur;MAUDET;Pierre;-;-
CE;5;ENT;PLR - PDC - ENTENTE;PLR - PDC - ENTENTE;Monsieur;DAL BUSCO;Serge;-;-
CE;5;ENT;PLR - PDC - ENTENTE;PLR - PDC - ENTENTE;Monsieur;BARTHASSAT;Luc;-;-
CE;5;ENT;PLR - PDC - ENTENTE;PLR - PDC - ENTENTE;Madame;FONTANET;Nathalie;-;-
CE;5;ENT;PLR - PDC - ENTENTE;PLR - PDC - ENTENTE;Monsieur;DE SENARCLENS;Alexandre;-;-
CE;6;RIEN;RIEN PAS GRAND CHOSE;DE RIEN POUR ARRIVER À PAS GRAND CHOSE;Monsieur;AMBERGER;Axel;-;-
CE;7;SAN;SANTÉ;SANTÉ !;Monsieur;AYMON;Paul;-;dit Paul Sierre
CE;8;UDC;UDC;UDC;Monsieur;NIDEGGER;Yves;-;-
CE;8;UDC;UDC;UDC;Monsieur;BLÄSI;Thomas;-;-
CE;8;UDC;UDC;UDC;Monsieur;FLOREY;Stéphane;-;-
CE;9;PROM;PROSPÉRITÉ MAÎTRISÉE;PROSPÉRITÉ MAÎTRISÉE;Monsieur;CRETEGNY;Willy;-;-
CE;10;LPG;LA LISTE POUR GENÈVE;LA LISTE POUR GENÈVE;Madame;ORSINI;Magali;-;-
CE;10;LPG;LA LISTE POUR GENÈVE;LA LISTE POUR GENÈVE;Monsieur;GAUTHIER;Pierre;-;-
CE;11;GEMA;GENÈVE EN MARCHE;GENÈVE EN MARCHE;Monsieur;STAUFFER;Eric;-;-
CE;11;GEMA;GENÈVE EN MARCHE;GENÈVE EN MARCHE;Monsieur;ZACHARIAS;Ronald;-;-
CE;12;PBD;PBD GENÈVE;PBD GENÈVE / LE JUSTE MILIEU;Monsieur;VIDONNE;Thierry;-;-
CE;12;PBD;PBD GENÈVE;PBD GENÈVE / LE JUSTE MILIEU;Monsieur;LEITNER;André;-;-
CE;13;VERL;VERT'LIBÉRAUX;VERT'LIBÉRAUX;Monsieur;FONTANA;Jérôme;-;-
CE;13;VERL;VERT'LIBÉRAUX;VERT'LIBÉRAUX;Madame;AMSLER;Susanne;-;-